b0,door2,door3,door5,door6
b2,door4
b3,door0,door1,door7
|f,f,f,f,f,f,f,f,f,f,f,f,f,f,f,f,f,f,f,f,w,w,w,w,w,w,w,w,w,w,f,f,f,f,f,f,f,f,f,f,f,f,f,f,f,f,f,f,f,f,f,f,f,f,f,f,f,f,f,f,f,f,f,f,f,f,f,f,f,f
f,f,f,f,f,f,f,f,f,f,f,f,f,f,f,f,f,f,f,f,w,f,f,f,f,f,f,f,f:b^b7,w,f,f,f,f,f,f,f,f,f,f,f,f,f,f,f,f,f,f,f,f,f,f,f,f,f,f,f,f,f,f,f,f,f,f,f,f,f,f,f,f
f,f,f,f,f,f,f,f,f,f,f,f,f,f,f,f,f,f,f,f,w,f,f,f,f,f,f,f,f,w,f,f,f,f,f,f,f,f,f,f,f,f,f,f,f,f,f,f,f,f,f,f,f,f,f,f,f,f,f,f,f,f,f,f,f,f,f,f,f,f
f,f,f,w,w,w,w,w,w,w,w,w,w,w,w,w,w,w,w,w,w,f,f,f,f,f,f,f,f,w,w,w,w,w,w,w,w,w,w,w,w,w,w,w,w,w,w,f,f,f,f,f,f,f,f,f,f,f,f,f,f,f,f,f,f,f,f,f,f,f
f,f,f,w,f,f,f,f,f,f,f,f,f,f,f,f,f,f,f,f,f,f,f,f,w,w,f,f,f,f,f:d>w^door6,f,f,f,f,f,f,f,f,f,f,f,f,f,f,f,w,f,f,f,f,f,f,f,f,f,f,f,f,f,f,f,f,f,f,f,f,f,f,f
f,f,f,w,f,f,f,f,f,f,f,f,f,f,f,f,f,f,f,f,f,f,f,w,w,w,w,f,f,f,w,w,f,f,f,f,f,f,f,f,f,f,f,f,f,f,w,f,f,f,f,f,f,f,f,f,f,f,f,f,f,f,f,f,f,f,f,f,f,f
f,f,f,w,f,f,w,w,w,w,w,w,w,w,w,w,w,w,w,w,w,f,f,f,f,w,f,f,f,w,w,w,w,w,w,w,w,w,w,w,w,w,w,w,f,f,w,f,f,f,f,f,f,f,f,f,f,f,f,f,f,f,f,f,f,f,f,f,f,f
f,f,f,w,f,f,w,f,f,f,f,f,f,f,f,f,f,f,f,f,w,f,f,f,f,f,f,f,f:b^b8,w,f,f,f,f,f,f,f,f,f,f,f,f,f,w,f,f,w,f,f,f,f,f,f,f,f,f,f,f,f,f,f,f,f,f,f,f,f,f,f,f
f,f,f,w,f,w,w,f,f,f,f,f,f,f,f,f,f,f,f,f,w,f,f,f,f,f,f,f,f,w,f,f,f,f,f,f,f,f,f,f,f,f,f,w,f,f,w,f,f,f,f,f,f,f,f,f,f,f,f,f,f,f,f,f,f,f,f,f,f,f
f,f,f,w,f:d>n^door1,w,w,f,f,f,f,f,f,f,f,f,f,f,f,f,w,w,w,w,f,f,w,w,w,w,f,f,f,f,f,f,f,f,f,f,f,f,f,w,f,f,w,f,f,f,f,f,f,f,f,f,f,f,f,f,f,f,f,f,f,f,f,f,f,f
f,f,f,w,f,f,w,f,f,f,f,f,f,f,f,f,f,f,f,f,f,f,f,w,f,f,w,f,f,f,f,f,f,f,f,f,f,f,f,f,f,f,f,w,f,f,w,f,f,f,f,f,f,f,f,f,f,f,f,f,f,f,f,f,f,f,f,f,f,f
f,f,f,w,f,f,w,f,f,f,f,f,f,f,f,f,f,f,f,f,f,f,f,w,f,f,w,f,f,f,f,f,f,f,f,f,f,f,f,f,f,f,f,w,f,f,w,f,f,f,f,f,f,f,f,f,f,f,f,f,f,f,f,f,f,f,f,f,f,f
f,f,f,w,f,f,w,f,f,f,f,f,f,f,f,f,f,f,f,f,f,f,f,w,f,f,w,f,f,f,f,f,f,f,f,f,f,f,f,f,f,f,f,w,f,f,w,f,f,f,f,f,f,f,f,f,f,f,f,f,f,f,f,f,f,f,f,f,f,f
f,f,f,w,f,f,w,f,f,f,f,f,f,f,f,f,f,f,f,f,f,f,f,w,f,f,w,f,f,f,f,f,f,f,f,f,f,f,f,f,f,f,f,w,f,f,w,f,f,f,f,f,f,f,f,f,f,f,f,f,f,f,f,f,f,f,f,f,f,f
f,f,f,w,f,f,w,f,f,f,f,f,f,f,f,f,f,f,f,f,f,f,f,w,f,f,w,f,f,f,f,f,f,f,f,f,f,f,f,f,f,f,f,w,f,f,w,f,f,f,f,f,f,f,f,f,f,f,f,f,f,f,f,f,f,f,f,f,f,f
f,f,f,w,f,f,w,f,f,f,f,f,f,f,f,f,f,f,f,f,f,f,f,w,f,f,w,f,f,f,f,f,f,f,f,f,f,f,f,f,f,f,f,w,f,f,w,f,f,f,f,f,f,f,f,f,f,f,f,f,f,f,f,f,f,f,f,f,f,f
f,f,f,w,f,f,w,f,f,f,f,f,f,f,f,f,f,f,f,f,f,f,f,w,f,f,w,f,f,f,f,f,f,f,f,f,f,f,f,f,f,f,f,w,f,f,w,f,f,f,f,f,f,f,f,f,f,f,f,f,f,f,f,f,f,f,f,f,f,f
f,f,f,w,f,f,w,f,f,f,f,f,f,f,f,f,f,f,f,f,f,f,f,w,f,f,w,f,f,f,f,f,f,f,f,f,f,f,f,f,f,f,f,w,f,f,w,f,f,f,f,f,f,f,f,f,f,f,f,f,f,f,f,f,f,f,f,f,f,f
f,f,f,w,f,f,w,f,f,f,f,f,f,f,f,f,f,f,f,f,f,f,f,w,f,w,w,f,f,f,f,f,f,f,f,f,f,f,f,f,f,f,f,w,f,f,w,f,f,f,f,f,f,f,f,f,f,f,f,f,f,f,f,f,f,f,f,f,f,f
f,f,f,w,f,f,w,f,f,f,f,f,f,f,f,f,f,f,f,f,f,f,f,w,f:d>n^door4,w,w,f,f,f,f,f,f,f,f,f,f,f,f,f,f,f,f,w,f,f,w,f,f,f,f,f,f,f,f,f,f,f,f,f,f,f,f,f,f,f,f,f,f,f
f,f,f,w,f,f,w,f,f,f,f,f,f,f,f,f,f,f,f,f,w,w,w,w,f,f,w,w,w,w,f,f,f,f,f,f,f,f,f,f,f,f,f,w,f,f,w,f,f,f,f,f,f,f,f,f,f,f,f,f,f,f,f,f,f,f,f,f,f,f
f,f,f,w,f,f,w,f,f,f,f,f,f,f,f,f,f,f,f,f,w,f,f,f,f,f,f,f,f:b^b2,w,f,f,f,f,f,f,f,f,f,f,f,f,f,w,f,f,w,f,f,f,f,f,f,f,f,f,f,f,f,f,f,f,f,f,f,f,f,f,f,f
f,f,f,w,f,f,w,f,f,f,f,f,f,f,f,f,f,f,f,f,w,f:b^b1,f,f,f,f,f,f,f,w,f,f,f,f,f,f,f,f,f,f,f,f,f,w,f,f,w,f,f,f,f,f,f,f,f,f,f,f,f,f,f,f,f,f,f,f,f,f,f,f
f,f,f,w,f,f,w,f,f,f,f,f,f,f,f,f,f,f,f,f,w,f,f,f,f,f,f,f,f,w,f,f,f,f,f,f,f,f,f,f,f,f,f,w,f,f,w,f,f,f,f,f,f,f,f,f,f,f,f,f,f,f,f,f,f,f,f,f,f,f
f,f,f,w,f,f,w,f,f,f,f,f,f,f,f,f,f,f,f,f,w,f,f,f,w,w,f,f,f,w,f,f,f,f,f,f,f,f,f,f,f,f,f,w,f,f,w,f,f,f,f,f,f,f,f,f,f,f,f,f,f,f,f,f,f,f,f,f,f,f
f,f,f,w,f,f,w,f,f,f,f,f,f,f,f,f,f,f,f,f,w,f,f,w,w,w,w,f,f,w,f,f,f,f,f,f,f,f,f,f,f,f,f,w,f,f,w,f,f,f,f,f,f,f,f,f,f,f,f,f,f,f,f,f,f,f,f,f,f,f
f,f,f,w,f,f,w,f,f,f,f,f,f,f,f,f,f,f,f,f,w,f,f,f,f,w,f,f,f,w,f,f,f,f,f,f,f,f,f,f,f,f,f,w,f,f,w,f,f,f,f,f,f,f,f,f,f,f,f,f,f,f,f,f,f,f,f,f,f,f
f,f,f,w,f,f,w,f,f,f,f,f,f,f,f,f,f,f,f,f,w,f,f,f,f,f,f,f,f,w,f,f,f,f,f,f,f,f,f,f,f,f,f,w,f,f,w,f,f,f,f,f,f,f,f,f,f,f,f,f,f,f,f,f,f,f,f,f,f,f
f,f,f,w,f,f,w,f,f,f,f,f,f,f,f,f,f,f,f,f,w,f,f,f,f,f,f,f,f,w,f,f,f,f,f,f,f,f,f,f,f,f,f,w,f,f,w,f,f,f,f,f,f,f,f,f,f,f,f,f,f,f,f,f,f,f,f,f,f,f
f,f,f,w,f,f,w,f,f,f,f,f,f,f,f,f,f,f,f,f,w,w,w,w,f,f,w,w,w,w,f,f,f,f,f,f,f,f,f,f,f,f,f,w,f,f,w,f,f,f,f,f,f,f,f,f,f,f,f,f,f,f,f,f,f,f,f,f,f,f
f,f,f,w,f,f,w,f,f,f,f,f,f,f,f,f,f,f,f,f,f,f,f,w,f,f,w,f,f,f,f,f,f,f,f,f,f,f,f,f,f,f,f,w,f,f,w,f,f,f,f,f,f,f,f,f,f,f,f,f,f,f,f,f,f,f,f,f,f,f
f,f,f,w,f,f,w,f,f,f,f,f,f,f,f,f,f,f,f,f,f,f,f,w,f,f,w,f,f,f,f,f,f,f,f,f,f,f,f,f,f,f,f,w,f,f,w,f,f,f,f,f,f,f,f,f,f,f,f,f,f,f,f,f,f,f,f,f,f,f
f,f,f,w,f,f,w,f,f,f,f,f,f,f,f,f,f,f,f,f,f,f,f,w,f,f,w,f,f,f,f,f,f,f,f,f,f,f,f,f,f,f,f,w,f,f,w,f,f,f,f,f,f,f,f,f,f,f,f,f,f,f,f,f,f,f,f,f,f,f
f,f,f,w,f,f,w,f,f,f,f,f,f,f,f,f,f,f,f,f,f,f,f,w,f,f,w,f,f,f,f,f,f,f,f,f,f,f,f,f,f,f,f,w,f,f,w,f,f,f,f,f,f,f,f,f,f,f,f,f,f,f,f,f,f,f,f,f,f,f
f,f,f,w,f,f,w,f,f,f,f,f,f,f,f,f,f,f,f,f,f,f,f,w,f,f,w,f,f,f,f,f,f,f,f,f,f,f,f,f,f,f,f,w,f,f,w,f,f,f,f,f,f,f,f,f,f,f,f,f,f,f,f,f,f,f,f,f,f,f
f,f,f,w,f,f,w,f,f,f,f,f,f,f,f,f,f,f,f,f,f,f,f,w,f,f,w,f,f,f,f,f,f,f,f,f,f,f,f,f,f,f,f,w,f,f,w,f,f,f,f,f,f,f,f,f,f,f,f,f,f,f,f,f,f,f,f,f,f,f
f,f,f,w,f,f,w,f,f,f,f,f,f,f,f,f,f,f,f,f,f,f,f,w,f,f,w,f,f,f,f,f,f,f,f,f,f,f,f,f,f,f,f,w,f,f,w,f,f,f,f,f,f,f,f,f,f,f,f,f,f,f,f,f,f,f,f,f,f,f
f,f,f,w,f,f,w,f,f,f,f,f,f,f,f,f,f,f,f,f,f,f,f,w,f,f,w,f,f,f,f,f,f,f,f,f,f,f,f,f,f,f,f,w,f,f,w,f,f,f,f,f,f,f,f,f,f,f,f,f,f,f,f,f,f,f,f,f,f,f
f,f,f,w,f,f,w,f,f,f,f,f,f,f,f,f,f,f,f,f,f,f,f,w,f,w,w,f,f,f,f,f,f,f,f,f,f,f,f,f,f,f,f,w,f,f,w,f,f,f,f,f,f,f,f,f,f,f,f,f,f,f,f,f,f,f,f,f,f,f
f,f,f,w,f,f,w,f,f,f,f,f,f,f,f,f,f,f,f,f,f,f,f,w,f:d>n^door5,w,w,f,f,f,f,f,f,f,f,f,f,f,f,f,f,f,f,w,f,f,w,f,f,f,f,f,f,f,f,f,f,f,f,f,f,f,f,f,f,f,f,f,f,f
w,w,w,w,f,f,w,w,w,w,f,f,f,f,f,f,f,f,f,f,w,w,w,w,f,f,w,w,w,w,f,f,f,f,f,f,f,f,f,f,w,w,w,w,f,f,w,w,w,w,f,f,f,f,f,f,f,f,f,f,w,w,w,w,w,w,w,w,w,w
w,f,f,f,f,f,f,f,f:b^b3,w,f,f,f,f,f,f,f,f,f,f,w,f,f,f,f,f,f,f,f,w,f,f,f,f,f,f,f,f,f,f,w,f,f,f,f,f,f,f,f,w,f,f,f,f,f,f,f,f,f,f,w,f:b^b9,f,f,f,f,f,f,f,w
w,f,f,f,f,f,f,f,f,w,f,f,f,f,f,f,f,f,f,f,w,f:b^b0,f:a^Agent1,f,f,f,f,f,f,w,f,f,f,f,f,f,f,f,f,f,w,f:b^b5,f,f,f,f,f,f,f,w,f,f,f,f,f,f,f,f,f,f,w,f,f,f,f,f,f,f,f,w
w,f,f,f,f,f,f,f,f:b^b4,w,w,w,w,w,w,w,w,w,w,w,w,f,f,f,f,f,f,f,f,w,w,w,w,w,w,w,w,w,w,w,w,f,f,f,f,f,f,f,f,w,w,w,w,w,w,w,w,w,w,w,w,f,f,f,f,f,f,f,f,w
w,f,f,f,f,f,f,f,f,f,f:d>w^door2,f,f,f,f,f,f,f,f,f,f,f,f,f,f,f,f,f,f,f,f:d>w^door3,f,f,f,f,f,f,f,f,f,f,f,f,f,f,f,f,f,f,f,f:d>w^door7,f,f,f,f,f,f,f,f,f,f,f,f,f,f,f,f,f,f,w
w,f,f,f,f,f,f,f,f,f,w,w,f,f,f,f,f,f,f,f,f,f,f,f,f,f,f,f,f,f,w,w,f,f,f,f,f,f,f,f,f,f,f,f,f,f,f,f,f,f,w,w,f,f,f,f,f,f,f,f,f,f,f,f,f,f,f,f,f,w
w,f,f,f,f,f,f,f,f,w,w,w,w,w,w,w,w,w,w,w,w,f,f,f,f,f,f,f,f,w,w,w,w,w,w,w,w,w,w,w,w,f,f,f,f,f,f,f,f,w,w,w,w,w,w,w,w,w,w,w,w,f,f,f,f,f,f,f,f,w
w,f,f,f,f,f,f,f,f,w,f,f,f,f,f,f,f,f,f,f,w,f,f,f,f,f,f,f,f,w,f,f,f,f,f,f,f,f,f,f,w,f,f,f,f,f,f,f,f:b^b6,w,f,f,f,f,f,f,f,f,f,f,w,f,f,f,f,f,f,f,f,w
w,f,f,f,f,f,f,f,f,w,f,f,f,f,f,f,f,f,f,f,w,f,f,f,f,f,f,f,f,w,f,f,f,f,f,f,f,f,f,f,w,f,f,f,f,f,f,f,f,w,f,f,f,f,f,f,f,f,f,f,w,f,f,f,f,f,f,f,f,w
w,w,w,w,f,f,w,w,w,w,f,f,f,f,f,f,f,f,f,f,w,w,w,w,w,w,w,w,w,w,f,f,f,f,f,f,f,f,f,f,w,w,w,w,w,w,w,w,w,w,f,f,f,f,f,f,f,f,f,f,w,w,w,w,f,f,w,w,w,w
f,f,f,w,f,f,w,f,f,f,f,f,f,f,f,f,f,f,f,f,f,f,f,f,f,f,f,f,f,f,f,f,f,f,f,f,f,f,f,f,f,f,f,f,f,f,f,f,f,f,f,f,f,f,f,f,f,f,f,f,f,f,f,w,f,f,w,f,f,f
f,f,f,w,f,f,w,f,f,f,f,f,f,f,f,f,f,f,f,f,f,f,f,f,f,f,f,f,f,f,f,f,f,f,f,f,f,f,f,f,f,f,f,f,f,f,f,f,f,f,f,f,f,f,f,f,f,f,f,f,f,f,f,w,f,f,w,f,f,f
f,f,f,w,f,f,w,f,f,f,f,f,f,f,f,f,f,f,f,f,f,f,f,f,f,f,f,f,f,f,f,f,f,f,f,f,f,f,f,f,f,f,f,f,f,f,f,f,f,f,f,f,f,f,f,f,f,f,f,f,f,f,f,w,f,f,w,f,f,f
f,f,f,w,f,f,w,w,w,w,w,w,w,w,w,w,w,w,w,w,w,w,w,w,w,w,w,w,w,w,w,w,w,w,w,w,w,w,w,w,w,w,w,w,w,w,w,w,w,w,w,w,w,w,w,w,w,w,w,w,w,w,w,w,f,f,w,f,f,f
f,f,f,w,f,f,f,f,f,f:d>e^door0,f,f,f,f,f,f,f,f,f,f,f,f,f,f,f,f,f,f,f,f,f,f,f,f,f,f,f,f,f,f,f,f,f,f,f,f,f,f,f,f,f,f,f,f,f,f,f,f,f,f,f,f,f,f,f,f,w,f,f,f
f,f,f,w,f,f,f,f,w,w,f,f,f,f,f,f,f,f,f,f,f,f,f,f,f,f,f,f,f,f,f,f,f,f,f,f,f,f,f,f,f,f,f,f,f,f,f,f,f,f,f,f,f,f,f,f,f,f,f,f,f,f,f,f,f,f,w,f,f,f
f,f,f,w,w,w,w,w,w,w,w,w,w,w,w,w,w,w,w,w,w,w,w,w,w,w,w,w,w,w,w,w,w,w,w,w,w,w,w,w,w,w,w,w,w,w,w,w,w,w,w,w,w,w,w,w,w,w,w,w,w,w,w,w,w,w,w,f,f,f
f,f,f,f,f,f,f,f,f,f,f,f,f,f,f,f,f,f,f,f,f,f,f,f,f,f,f,f,f,f,f,f,f,f,f,f,f,f,f,f,f,f,f,f,f,f,f,f,f,f,f,f,f,f,f,f,f,f,f,f,f,f,f,f,f,f,f,f,f,f
f,f,f,f,f,f,f,f,f,f,f,f,f,f,f,f,f,f,f,f,f,f,f,f,f,f,f,f,f,f,f,f,f,f,f,f,f,f,f,f,f,f,f,f,f,f,f,f,f,f,f,f,f,f,f,f,f,f,f,f,f,f,f,f,f,f,f,f,f,f
f,f,f,f,f,f,f,f,f,f,f,f,f,f,f,f,f,f,f,f,f,f,f,f,f,f,f,f,f,f,f,f,f,f,f,f,f,f,f,f,f,f,f,f,f,f,f,f,f,f,f,f,f,f,f,f,f,f,f,f,f,f,f,f,f,f,f,f,f,f
|,,,,,,,,,,,,,,,,,,,,w,w,w,w,w,w,w,w,w,w,,,,,,,,,,,,,,,,,,,,,,,,,,,,,,,,,,,,,,,,
,,,,,,,,,,,,,,,,,,,,w,,,,,,,,,w,,,,,,,,,,,,,,,,,,,,,,,,,,,,,,,,,,,,,,,,
,,,,,,,,,,,,,,,,,,,,w,,,,,,,,,w,,,,,,,,,,,,,,,,,,,,,,,,,,,,,,,,,,,,,,,,
,,,w,w,w,w,w,w,w,w,w,w,w,w,w,w,w,w,w,w,,,,,,,,,w,w,w,w,w,w,w,w,w,w,w,w,w,w,w,w,w,w,,,,,,,,,,,,,,,,,,,,,,,
,,,w,,,,,,,,,,,,,,,,,,,,,w,w,,,,,,,,,,,,,,,,,,,,,w,,,,,,,,,,,,,,,,,,,,,,,
,,,w,,,,,,,,,,,,,,,,,,,,w,w,w,w,,,,w,w,,,,,,,,,,,,,,,w,,,,,,,,,,,,,,,,,,,,,,,
,,,w,,,w,w,w,w,w,w,w,w,w,w,w,w,w,w,w,,,,,w,,,,w,w,w,w,w,w,w,w,w,w,w,w,w,w,w,,,w,,,,,,,,,,,,,,,,,,,,,,,
,,,w,,,w,,,,,,,,,,,,,,w,,,,,,,,,w,,,,,,,,,,,,,,w,,,w,,,,,,,,,,,,,,,,,,,,,,,
,,,w,,w,w,,,,,,,,,,,,,,w,,,,,,,,,w,,,,,,,,,,,,,,w,,,w,,,,,,,,,,,,,,,,,,,,,,,
,,,w,,w,w,,,,,,,,,,,,,,w,w,w,w,,,w,w,w,w,,,,,,,,,,,,,,w,,,w,,,,,,,,,,,,,,,,,,,,,,,
,,,w,,,w,,,,,,,,,,,,,,,,,w,,,w,,,,,,,,,,,,,,,,,w,,,w,,,,,,,,,,,,,,,,,,,,,,,
,,,w,,,w,,,,,,,,,,,,,,,,,w,,,w,,,,,,,,,,,,,,,,,w,,,w,,,,,,,,,,,,,,,,,,,,,,,
,,,w,,,w,,,,,,,,,,,,,,,,,w,,,w,,,,,,,,,,,,,,,,,w,,,w,,,,,,,,,,,,,,,,,,,,,,,
,,,w,,,w,,,,,,,,,,,,,,,,,w,,,w,,,,,,,,,,,,,,,,,w,,,w,,,,,,,,,,,,,,,,,,,,,,,
,,,w,,,w,,,,,,,,,,,,,,,,,w,,,w,,,,,,,,,,,,,,,,,w,,,w,,,,,,,,,,,,,,,,,,,,,,,
,,,w,,,w,,,,,,,,,,,,,,,,,w,,,w,,,,,,,,,,,,,,,,,w,,,w,,,,,,,,,,,,,,,,,,,,,,,
,,,w,,,w,,,,,,,,,,,,,,,,,w,,,w,,,,,,,,,,,,,,,,,w,,,w,,,,,,,,,,,,,,,,,,,,,,,
,,,w,,,w,,,,,,,,,,,,,,,,,w,,,w,,,,,,,,,,,,,,,,,w,,,w,,,,,,,,,,,,,,,,,,,,,,,
,,,w,,,w,,,,,,,,,,,,,,,,,w,,w,w,,,,,,,,,,,,,,,,,w,,,w,,,,,,,,,,,,,,,,,,,,,,,
,,,w,,,w,,,,,,,,,,,,,,,,,w,,w,w,,,,,,,,,,,,,,,,,w,,,w,,,,,,,,,,,,,,,,,,,,,,,
,,,w,,,w,,,,,,,,,,,,,,w,w,w,w,,,w,w,w,w,,,,,,,,,,,,,,w,,,w,,,,,,,,,,,,,,,,,,,,,,,
,,,w,,,w,,,,,,,,,,,,,,w,,,,,,,,,w,,,,,,,,,,,,,,w,,,w,,,,,,,,,,,,,,,,,,,,,,,
,,,w,,,w,,,,,,,,,,,,,,w,,,,,,,,,w,,,,,,,,,,,,,,w,,,w,,,,,,,,,,,,,,,,,,,,,,,
,,,w,,,w,,,,,,,,,,,,,,w,,,,,,,,,w,,,,,,,,,,,,,,w,,,w,,,,,,,,,,,,,,,,,,,,,,,
,,,w,,,w,,,,,,,,,,,,,,w,,,,w,w,,,,w,,,,,,,,,,,,,,w,,,w,,,,,,,,,,,,,,,,,,,,,,,
,,,w,,,w,,,,,,,,,,,,,,w,,,w,w,w,w,,,w,,,,,,,,,,,,,,w,,,w,,,,,,,,,,,,,,,,,,,,,,,
,,,w,,,w,,,,,,,,,,,,,,w,,,,,w,,,,w,,,,,,,,,,,,,,w,,,w,,,,,,,,,,,,,,,,,,,,,,,
,,,w,,,w,,,,,,,,,,,,,,w,,,,,,,,,w,,,,,,,,,,,,,,w,,,w,,,,,,,,,,,,,,,,,,,,,,,
,,,w,,,w,,,,,,,,,,,,,,w,,,,,,,,,w,,,,,,,,,,,,,,w,,,w,,,,,,,,,,,,,,,,,,,,,,,
,,,w,,,w,,,,,,,,,,,,,,w,w,w,w,,,w,w,w,w,,,,,,,,,,,,,,w,,,w,,,,,,,,,,,,,,,,,,,,,,,
,,,w,,,w,,,,,,,,,,,,,,,,,w,,,w,,,,,,,,,,,,,,,,,w,,,w,,,,,,,,,,,,,,,,,,,,,,,
,,,w,,,w,,,,,,,,,,,,,,,,,w,,,w,,,,,,,,,,,,,,,,,w,,,w,,,,,,,,,,,,,,,,,,,,,,,
,,,w,,,w,,,,,,,,,,,,,,,,,w,,,w,,,,,,,,,,,,,,,,,w,,,w,,,,,,,,,,,,,,,,,,,,,,,
,,,w,,,w,,,,,,,,,,,,,,,,,w,,,w,,,,,,,,,,,,,,,,,w,,,w,,,,,,,,,,,,,,,,,,,,,,,
,,,w,,,w,,,,,,,,,,,,,,,,,w,,,w,,,,,,,,,,,,,,,,,w,,,w,,,,,,,,,,,,,,,,,,,,,,,
,,,w,,,w,,,,,,,,,,,,,,,,,w,,,w,,,,,,,,,,,,,,,,,w,,,w,,,,,,,,,,,,,,,,,,,,,,,
,,,w,,,w,,,,,,,,,,,,,,,,,w,,,w,,,,,,,,,,,,,,,,,w,,,w,,,,,,,,,,,,,,,,,,,,,,,
,,,w,,,w,,,,,,,,,,,,,,,,,w,,,w,,,,,,,,,,,,,,,,,w,,,w,,,,,,,,,,,,,,,,,,,,,,,
,,,w,,,w,,,,,,,,,,,,,,,,,w,,w,w,,,,,,,,,,,,,,,,,w,,,w,,,,,,,,,,,,,,,,,,,,,,,
,,,w,,,w,,,,,,,,,,,,,,,,,w,,w,w,,,,,,,,,,,,,,,,,w,,,w,,,,,,,,,,,,,,,,,,,,,,,
w,w,w,w,,,w,w,w,w,,,,,,,,,,,w,w,w,w,,,w,w,w,w,,,,,,,,,,,w,w,w,w,,,w,w,w,w,,,,,,,,,,,w,w,w,w,w,w,w,w,w,w
w,,,,,,,,,w,,,,,,,,,,,w,,,,,,,,,w,,,,,,,,,,,w,,,,,,,,,w,,,,,,,,,,,w,,,,,,,,,w
w,,,,,,,,,w,,,,,,,,,,,w,,,,,,,,,w,,,,,,,,,,,w,,,,,,,,,w,,,,,,,,,,,w,,,,,,,,,w
w,,,,,,,,,w,w,w,w,w,w,w,w,w,w,w,w,,,,,,,,,w,w,w,w,w,w,w,w,w,w,w,w,,,,,,,,,w,w,w,w,w,w,w,w,w,w,w,w,,,,,,,,,w
w,,,,,,,,,,,,,,,,,,,,,,,,,,,,,,,,,,,,,,,,,,,,,,,,,,,,,,,,,,,,,,,,,,,,,w
w,,,,,,,,,,w,w,,,,,,,,,,,,,,,,,,,w,w,,,,,,,,,,,,,,,,,,,w,w,,,,,,,,,,,,,,,,,,w
w,,,,,,,,,w,w,w,w,w,w,w,w,w,w,w,w,,,,,,,,,w,w,w,w,w,w,w,w,w,w,w,w,,,,,,,,,w,w,w,w,w,w,w,w,w,w,w,w,,,,,,,,,w
w,,,,,,,,,w,,,,,,,,,,,w,,,,,,,,,w,,,,,,,,,,,w,,,,,,,,,w,,,,,,,,,,,w,,,,,,,,,w
w,,,,,,,,,w,,,,,,,,,,,w,,,,,,,,,w,,,,,,,,,,,w,,,,,,,,,w,,,,,,,,,,,w,,,,,,,,,w
w,w,w,w,,,w,w,w,w,,,,,,,,,,,w,w,w,w,w,w,w,w,w,w,,,,,,,,,,,w,w,w,w,w,w,w,w,w,w,,,,,,,,,,,w,w,w,w,,,w,w,w,w
,,,w,,,w,,,,,,,,,,,,,,,,,,,,,,,,,,,,,,,,,,,,,,,,,,,,,,,,,,,,,,,,,w,,,w,,,
,,,w,,,w,,,,,,,,,,,,,,,,,,,,,,,,,,,,,,,,,,,,,,,,,,,,,,,,,,,,,,,,,w,,,w,,,
,,,w,,,w,,,,,,,,,,,,,,,,,,,,,,,,,,,,,,,,,,,,,,,,,,,,,,,,,,,,,,,,,w,,,w,,,
,,,w,,,w,w,w,w,w,w,w,w,w,w,w,w,w,w,w,w,w,w,w,w,w,w,w,w,w,w,w,w,w,w,w,w,w,w,w,w,w,w,w,w,w,w,w,w,w,w,w,w,w,w,w,w,w,w,w,w,w,w,,,w,,,
,,,w,,,,,,,,,,,,,,,,,,,,,,,,,,,,,,,,,,,,,,,,,,,,,,,,,,,,,,,,,,,,,,,w,,,
,,,w,,,,,w,w,,,,,,,,,,,,,,,,,,,,,,,,,,,,,,,,,,,,,,,,,,,,,,,,,,,,,,,,,w,,,
,,,w,w,w,w,w,w,w,w,w,w,w,w,w,w,w,w,w,w,w,w,w,w,w,w,w,w,w,w,w,w,w,w,w,w,w,w,w,w,w,w,w,w,w,w,w,w,w,w,w,w,w,w,w,w,w,w,w,w,w,w,w,w,w,w,,,
,,,,,,,,,,,,,,,,,,,,,,,,,,,,,,,,,,,,,,,,,,,,,,,,,,,,,,,,,,,,,,,,,,,,,
,,,,,,,,,,,,,,,,,,,,,,,,,,,,,,,,,,,,,,,,,,,,,,,,,,,,,,,,,,,,,,,,,,,,,
,,,,,,,,,,,,,,,,,,,,,,,,,,,,,,,,,,,,,,,,,,,,,,,,,,,,,,,,,,,,,,,,,,,,,
|,,,,,,,,,,,,,,,,,,,,w,w,w,w,w,w,w,w,w,w,,,,,,,,,,,,,,,,,,,,,,,,,,,,,,,,,,,,,,,,
,,,,,,,,,,,,,,,,,,,,w,,,,,,,,,w,,,,,,,,,,,,,,,,,,,,,,,,,,,,,,,,,,,,,,,,
,,,,,,,,,,,,,,,,,,,,w,,,,,,,,,w,,,,,,,,,,,,,,,,,,,,,,,,,,,,,,,,,,,,,,,,
,,,w,w,w,w,w,w,w,w,w,w,w,w,w,w,w,w,w,w,,,,,,,,,w,w,w,w,w,w,w,w,w,w,w,w,w,w,w,w,w,w,,,,,,,,,,,,,,,,,,,,,,,
,,,w,,,,,,,,,,,,,,,,,,,,,w,w,,,,,w,,,,,,,,,,,,,,,,w,,,,,,,,,,,,,,,,,,,,,,,
,,,w,,,,,,,,,,,,,,,,,,,,w,w,w,w,,,,w,w,,,,,,,,,,,,,,,w,,,,,,,,,,,,,,,,,,,,,,,
,,,w,,,w,w,w,w,w,w,w,w,w,w,w,w,w,w,w,,,,,w,,,,w,w,w,w,w,w,w,w,w,w,w,w,w,w,w,,,w,,,,,,,,,,,,,,,,,,,,,,,
,,,w,,,w,,,,,,,,,,,,,,w,,,,,,,,,w,,,,,,,,,,,,,,w,,,w,,,,,,,,,,,,,,,,,,,,,,,
,,,w,,w,w,,,,,,,,,,,,,,w,,,,,,,,,w,,,,,,,,,,,,,,w,,,w,,,,,,,,,,,,,,,,,,,,,,,
,,,w,w,w,w,,,,,,,,,,,,,,w,w,w,w,,,w,w,w,w,,,,,,,,,,,,,,w,,,w,,,,,,,,,,,,,,,,,,,,,,,
,,,w,,,w,,,,,,,,,,,,,,,,,w,,,w,,,,,,,,,,,,,,,,,w,,,w,,,,,,,,,,,,,,,,,,,,,,,
,,,w,,,w,,,,,,,,,,,,,,,,,w,,,w,,,,,,,,,,,,,,,,,w,,,w,,,,,,,,,,,,,,,,,,,,,,,
,,,w,,,w,,,,,,,,,,,,,,,,,w,,,w,,,,,,,,,,,,,,,,,w,,,w,,,,,,,,,,,,,,,,,,,,,,,
,,,w,,,w,,,,,,,,,,,,,,,,,w,,,w,,,,,,,,,,,,,,,,,w,,,w,,,,,,,,,,,,,,,,,,,,,,,
,,,w,,,w,,,,,,,,,,,,,,,,,w,,,w,,,,,,,,,,,,,,,,,w,,,w,,,,,,,,,,,,,,,,,,,,,,,
,,,w,,,w,,,,,,,,,,,,,,,,,w,,,w,,,,,,,,,,,,,,,,,w,,,w,,,,,,,,,,,,,,,,,,,,,,,
,,,w,,,w,,,,,,,,,,,,,,,,,w,,,w,,,,,,,,,,,,,,,,,w,,,w,,,,,,,,,,,,,,,,,,,,,,,
,,,w,,,w,,,,,,,,,,,,,,,,,w,,,w,,,,,,,,,,,,,,,,,w,,,w,,,,,,,,,,,,,,,,,,,,,,,
,,,w,,,w,,,,,,,,,,,,,,,,,w,,w,w,,,,,,,,,,,,,,,,,w,,,w,,,,,,,,,,,,,,,,,,,,,,,
,,,w,,,w,,,,,,,,,,,,,,,,,w,w,w,w,,,,,,,,,,,,,,,,,w,,,w,,,,,,,,,,,,,,,,,,,,,,,
,,,w,,,w,,,,,,,,,,,,,,w,w,w,w,,,w,w,w,w,,,,,,,,,,,,,,w,,,w,,,,,,,,,,,,,,,,,,,,,,,
,,,w,,,w,,,,,,,,,,,,,,w,,,,,,,,,w,,,,,,,,,,,,,,w,,,w,,,,,,,,,,,,,,,,,,,,,,,
,,,w,,,w,,,,,,,,,,,,,,w,,,,,,,,,w,,,,,,,,,,,,,,w,,,w,,,,,,,,,,,,,,,,,,,,,,,
,,,w,,,w,,,,,,,,,,,,,,w,,,,,,,,,w,,,,,,,,,,,,,,w,,,w,,,,,,,,,,,,,,,,,,,,,,,
,,,w,,,w,,,,,,,,,,,,,,w,,,,w,w,,,,w,,,,,,,,,,,,,,w,,,w,,,,,,,,,,,,,,,,,,,,,,,
,,,w,,,w,,,,,,,,,,,,,,w,,,w,w,w,w,,,w,,,,,,,,,,,,,,w,,,w,,,,,,,,,,,,,,,,,,,,,,,
,,,w,,,w,,,,,,,,,,,,,,w,,,,,w,,,,w,,,,,,,,,,,,,,w,,,w,,,,,,,,,,,,,,,,,,,,,,,
,,,w,,,w,,,,,,,,,,,,,,w,,,,,,,,,w,,,,,,,,,,,,,,w,,,w,,,,,,,,,,,,,,,,,,,,,,,
,,,w,,,w,,,,,,,,,,,,,,w,,,,,,,,,w,,,,,,,,,,,,,,w,,,w,,,,,,,,,,,,,,,,,,,,,,,
,,,w,,,w,,,,,,,,,,,,,,w,w,w,w,,,w,w,w,w,,,,,,,,,,,,,,w,,,w,,,,,,,,,,,,,,,,,,,,,,,
,,,w,,,w,,,,,,,,,,,,,,,,,w,,,w,,,,,,,,,,,,,,,,,w,,,w,,,,,,,,,,,,,,,,,,,,,,,
,,,w,,,w,,,,,,,,,,,,,,,,,w,,,w,,,,,,,,,,,,,,,,,w,,,w,,,,,,,,,,,,,,,,,,,,,,,
,,,w,,,w,,,,,,,,,,,,,,,,,w,,,w,,,,,,,,,,,,,,,,,w,,,w,,,,,,,,,,,,,,,,,,,,,,,
,,,w,,,w,,,,,,,,,,,,,,,,,w,,,w,,,,,,,,,,,,,,,,,w,,,w,,,,,,,,,,,,,,,,,,,,,,,
,,,w,,,w,,,,,,,,,,,,,,,,,w,,,w,,,,,,,,,,,,,,,,,w,,,w,,,,,,,,,,,,,,,,,,,,,,,
,,,w,,,w,,,,,,,,,,,,,,,,,w,,,w,,,,,,,,,,,,,,,,,w,,,w,,,,,,,,,,,,,,,,,,,,,,,
,,,w,,,w,,,,,,,,,,,,,,,,,w,,,w,,,,,,,,,,,,,,,,,w,,,w,,,,,,,,,,,,,,,,,,,,,,,
,,,w,,,w,,,,,,,,,,,,,,,,,w,,,w,,,,,,,,,,,,,,,,,w,,,w,,,,,,,,,,,,,,,,,,,,,,,
,,,w,,,w,,,,,,,,,,,,,,,,,w,,w,w,,,,,,,,,,,,,,,,,w,,,w,,,,,,,,,,,,,,,,,,,,,,,
,,,w,,,w,,,,,,,,,,,,,,,,,w,w,w,w,,,,,,,,,,,,,,,,,w,,,w,,,,,,,,,,,,,,,,,,,,,,,
w,w,w,w,,,w,w,w,w,,,,,,,,,,,w,w,w,w,,,w,w,w,w,,,,,,,,,,,w,w,w,w,,,w,w,w,w,,,,,,,,,,,w,w,w,w,w,w,w,w,w,w
w,,,,,,,,,w,,,,,,,,,,,w,,,,,,,,,w,,,,,,,,,,,w,,,,,,,,,w,,,,,,,,,,,w,,,,,,,,,w
w,,,,,,,,,w,,,,,,,,,,,w,,,,,,,,,w,,,,,,,,,,,w,,,,,,,,,w,,,,,,,,,,,w,,,,,,,,,w
w,,,,,,,,,w,w,w,w,w,w,w,w,w,w,w,w,,,,,,,,,w,w,w,w,w,w,w,w,w,w,w,w,,,,,,,,,w,w,w,w,w,w,w,w,w,w,w,w,,,,,,,,,w
w,,,,,,,,,,w,,,,,,,,,,,,,,,,,,,,w,,,,,,,,,,,,,,,,,,,,w,,,,,,,,,,,,,,,,,,,w
w,,,,,,,,,,w,w,,,,,,,,,,,,,,,,,,,w,w,,,,,,,,,,,,,,,,,,,w,w,,,,,,,,,,,,,,,,,,w
w,,,,,,,,,w,w,w,w,w,w,w,w,w,w,w,w,,,,,,,,,w,w,w,w,w,w,w,w,w,w,w,w,,,,,,,,,w,w,w,w,w,w,w,w,w,w,w,w,,,,,,,,,w
w,,,,,,,,,w,,,,,,,,,,,w,,,,,,,,,w,,,,,,,,,,,w,,,,,,,,,w,,,,,,,,,,,w,,,,,,,,,w
w,,,,,,,,,w,,,,,,,,,,,w,,,,,,,,,w,,,,,,,,,,,w,,,,,,,,,w,,,,,,,,,,,w,,,,,,,,,w
w,w,w,w,,,w,w,w,w,,,,,,,,,,,w,w,w,w,w,w,w,w,w,w,,,,,,,,,,,w,w,w,w,w,w,w,w,w,w,,,,,,,,,,,w,w,w,w,,,w,w,w,w
,,,w,,,w,,,,,,,,,,,,,,,,,,,,,,,,,,,,,,,,,,,,,,,,,,,,,,,,,,,,,,,,,w,,,w,,,
,,,w,,,w,,,,,,,,,,,,,,,,,,,,,,,,,,,,,,,,,,,,,,,,,,,,,,,,,,,,,,,,,w,,,w,,,
,,,w,,,w,,,,,,,,,,,,,,,,,,,,,,,,,,,,,,,,,,,,,,,,,,,,,,,,,,,,,,,,,w,,,w,,,
,,,w,,,w,w,w,w,w,w,w,w,w,w,w,w,w,w,w,w,w,w,w,w,w,w,w,w,w,w,w,w,w,w,w,w,w,w,w,w,w,w,w,w,w,w,w,w,w,w,w,w,w,w,w,w,w,w,w,w,w,w,,,w,,,
,,,w,,,,,,w,,,,,,,,,,,,,,,,,,,,,,,,,,,,,,,,,,,,,,,,,,,,,,,,,,,,,,,,,w,,,
,,,w,,,,,w,w,,,,,,,,,,,,,,,,,,,,,,,,,,,,,,,,,,,,,,,,,,,,,,,,,,,,,,,,,w,,,
,,,w,w,w,w,w,w,w,w,w,w,w,w,w,w,w,w,w,w,w,w,w,w,w,w,w,w,w,w,w,w,w,w,w,w,w,w,w,w,w,w,w,w,w,w,w,w,w,w,w,w,w,w,w,w,w,w,w,w,w,w,w,w,w,w,,,
,,,,,,,,,,,,,,,,,,,,,,,,,,,,,,,,,,,,,,,,,,,,,,,,,,,,,,,,,,,,,,,,,,,,,
,,,,,,,,,,,,,,,,,,,,,,,,,,,,,,,,,,,,,,,,,,,,,,,,,,,,,,,,,,,,,,,,,,,,,
,,,,,,,,,,,,,,,,,,,,,,,,,,,,,,,,,,,,,,,,,,,,,,,,,,,,,,,,,,,,,,,,,,,,,
